<?xml version="1.0" encoding="UTF-8"?>
<!DOCTYPE mapper
        PUBLIC "-//mybatis.org//DTD Mapper 3.0//EN"
        "http://mybatis.org/dtd/mybatis-3-mapper.dtd">
<mapper namespace="com.chinasoft.backend.mapper.AmusementFacilityMapper">

    <resultMap id="BaseResultMap" type="com.chinasoft.backend.model.entity.AmusementFacility">
        <id property="id" column="id" jdbcType="BIGINT"/>
        <result property="name" column="name" jdbcType="VARCHAR"/>
        <result property="introduction" column="introduction" jdbcType="VARCHAR"/>
        <result property="longitude" column="longitude" jdbcType="VARCHAR"/>
        <result property="latitude" column="latitude" jdbcType="VARCHAR"/>
        <result property="perUserCount" column="per_user_count" jdbcType="INTEGER"/>
        <result property="expectTime" column="expect_time" jdbcType="INTEGER"/>
        <result property="type" column="type" jdbcType="VARCHAR"/>
        <result property="crowdType" column="crowd_type" jdbcType="VARCHAR"/>
        <result property="startTime" column="start_time" jdbcType="TIME"/>
        <result property="closeTime" column="close_time" jdbcType="TIME"/>
        <result property="status" column="status" jdbcType="INTEGER"/>
        <result property="createTime" column="create_time" jdbcType="TIMESTAMP"/>
        <result property="updateTime" column="update_time" jdbcType="TIMESTAMP"/>
        <result property="isDeleted" column="is_deleted" jdbcType="INTEGER"/>
        <result property="instruction" column="instruction" jdbcType="VARCHAR"/>
        <result property="heightLow" column="height_low" jdbcType="INTEGER"/>
        <result property="heightUp" column="height_up" jdbcType="INTEGER"/>
    </resultMap>

    <sql id="Base_Column_List">
        id,name,introduction,
        longitude,latitude,per_user_count,
        expect_time,type,crowd_type,
        start_time,close_time,
        status,create_time,update_time,
        is_deleted,instruction,height_low,
        height_up
    </sql>
</mapper>
