<?xml version="1.0" encoding="UTF-8"?>
<!DOCTYPE mapper
        PUBLIC "-//mybatis.org//DTD Mapper 3.0//EN"
        "http://mybatis.org/dtd/mybatis-3-mapper.dtd">
<mapper namespace="com.chinasoft.backend.mapper.TotalHeadcountMapper">

    <resultMap id="BaseResultMap" type="com.chinasoft.backend.model.entity.TotalHeadcount">
            <id property="id" column="id" jdbcType="BIGINT"/>
            <result property="count" column="count" jdbcType="INTEGER"/>
            <result property="createTime" column="create_time" jdbcType="TIMESTAMP"/>
            <result property="updateTime" column="update_time" jdbcType="TIMESTAMP"/>
            <result property="isDeleted" column="is_deleted" jdbcType="TINYINT"/>
    </resultMap>

    <sql id="Base_Column_List">
        id,count,create_time,
        update_time,is_deleted
    </sql>
</mapper>
