<?xml version="1.0" encoding="UTF-8"?>
<!DOCTYPE mapper
        PUBLIC "-//mybatis.org//DTD Mapper 3.0//EN"
        "http://mybatis.org/dtd/mybatis-3-mapper.dtd">
<mapper namespace="com.chinasoft.backend.mapper.UserMapper">

    <resultMap id="BaseResultMap" type="com.chinasoft.backend.model.entity.User">
        <id property="id" column="id" jdbcType="BIGINT"/>
        <result property="username" column="username" jdbcType="VARCHAR"/>
        <result property="password" column="password" jdbcType="VARCHAR"/>
        <result property="phone" column="phone" jdbcType="VARCHAR"/>
        <result property="avatarUrl" column="avatar_url" jdbcType="VARCHAR"/>
        <result property="createTime" column="create_time" jdbcType="TIMESTAMP"/>
        <result property="updateTime" column="update_time" jdbcType="TIMESTAMP"/>
        <result property="isDeleted" column="is_deleted" jdbcType="INTEGER"/>
    </resultMap>

    <sql id="Base_Column_List">
        id,username,
        password,phone,
        avatar_url,create_time,update_time,
        is_deleted
    </sql>
</mapper>
