{"ActsWifiServiceTest": {"subsystem": "communication", "build_target_name": "ActsWifiServiceTest"}, "ActsLwipTest": {"subsystem": "communication", "build_target_name": "ActsLwipTest"}, "ActsSoftBusTest": {"subsystem": "communication", "build_target_name": "ActsSoftBusTest"}, "ActsDfxFuncTest": {"subsystem": "hiviewdfx", "build_target_name": "ActsDfxFuncTest"}, "ActsDbmKvStoreTest": {"subsystem": "distributeddatamgr", "build_target_name": "ActsDbmKvStoreTest"}, "ActsWifiIotTest": {"subsystem": "iot_hardware", "build_target_name": "ActsWifiIotTest"}, "ActsUpdaterFuncTest": {"subsystem": "update", "build_target_name": "ActsUpdaterFuncTest"}, "ActsBootstrapTest": {"subsystem": "startup", "build_target_name": "ActsBootstrapTest"}, "ActsParameterTest": {"subsystem": "startup", "build_target_name": "ActsParameterTest"}, "ActsSecurityDataTest": {"subsystem": "security", "build_target_name": "ActsSecurityDataTest"}, "ActsSamgrTest": {"subsystem": "distributed_schedule", "build_target_name": "ActsSamgrTest"}, "ActsKvStoreTest": {"subsystem": "utils", "build_target_name": "ActsKvStoreTest"}, "ActsUtilsFileTest": {"subsystem": "utils", "build_target_name": "ActsUtilsFileTest"}, "ActsCMSISTest": {"subsystem": "kernel", "build_target_name": "ActsCMSISTest"}}